name,email,address,city,state,zip,country,credit_card
Laetitia Boyer,bernardo72@example.org,714 Mary Mills,Peron,Utah,37464,Kongo,3583667694529475
Julie del Heras,schmiedtgeorge@example.net,Avenida de Tiburcio Múgica 84,Benoit,Sachsen,05214,Malawi,30224383655974
Rosalina Casals Molins,tamarareid@example.net,Glorieta Domingo Sastre 5 Apt. 16 ,Smithburgh,Hessen,01992,Serbia,3560551946931910
Laurent-Aimé Carre,fabianasancho@example.com,Callejón de Agustina Benavides 16,MalletBourg,La Rioja,80676,Norfolk (Îles),347637352439427
Margot de Chevallier,miguel36@example.com,Hans-Wilhelm-Schüler-Platz 980,Williamsville,Burgos,22254,Burundi,3524951187384594
Jules Boyer,carlyroberts@example.com,864 Lauren Plain,East Billyport,Ourense,SR4P 1ZD,Malawi,2711586221000536
Martin Jones,annehubert@example.net,"72, rue Jeanne Gomes",Burkeview,Nordrhein-Westfalen,21441,Bahrain,4867230622334412
Filomena Palomo,mmorgan@example.com,Agata-Hauffer-Ring 0/4,North Steven,Toledo,13173,Andorra,4607486908246127
Catherine Carre de la Delaunay,roserobert@example.org,764 Lewis via,Rockenhausen,Florida,39918,Marshallinseln,3553328757556048
Victoire Hamel,herminia78@example.com,366 Smith Shores,Saint Marguerite,Santa Cruz de Tenerife,40535,Norfolk Island,3544687389463630
Nicolás Barrera-Roldán,evangelia85@example.org,"17, avenue de Meunier",Gros,Berlin,M4 8ZY,Cap Vert,213199637478242
Alexander Parkin,zacarias12@example.com,"37, rue Gallet",West Cherylland,Barcelona,E90 6YU,Grenada,501833431700
Ing. Anton Krause,alcides14@example.net,Plaza de Consuela Milla 99 Apt. 43 ,Cliveton,Ourense,01505,Peru,4183170194856
Margaret Young,joe79@example.org,"55, rue Yves Chauvin",Port Maria,Sachsen-Anhalt,01429,Burkina Faso,4700930085375742
Luis Bueno Jimenez,bertrand31@example.com,"Studio 35
Read knolls",Kirstyfort,Melilla,49265,Lesotho,5313095698974467
Thibault Pierre,stevenlopez@example.net,Ronda de Toni Lago 4,Stephenland,Almería,54981,Alandinseln,4383876765367760902
Robert Weaver,qmichaud@example.net,Acceso de Xiomara Font 2 Puerta 7 ,Kötzting,Wisconsin,46754,Nauru,4941987161510453770
Jonathan Henk,vrenard@example.net,Schweitzerweg 525,Coffeychester,Bremen,39167,Mongolie,376173335395514
Scott Ahmed-Fox,erica45@example.org,21838 Johnson Ferry Suite 687,Lejeune,Salamanca,40702,Liberia,4878560465428636247
Colette Leclerc,william05@example.com,Acceso de Teodora Lago 12,Starnberg,Idaho,58302,Australia,3561626247102509
Annelore Ladeck,pruvostchantal@example.net,397 Vance Station Suite 725,Christophertown,Idaho,19149,Botsuana,4133865494524285024
Judith Murphy,george86@example.com,"Flat 00
Smith field",Thomastown,Asturias,89635,Malaysia,346370684845902
Madeleine Brunet,charlottewright@example.net,"Flat 9
Diane dam",Port Jacob,Jaén,05740,Myanmar,347128757316436
Jo Martin,ybertin@example.com,Eleonora-Ditschlerin-Gasse 468,Sainte Alphonseboeuf,Baden-Württemberg,SS0E 2HS,Túnez,676295438227
Geraldine Smith,uturner@example.net,Pasaje de Timoteo Robles 72 Apt. 56 ,East Melaniefort,New Jersey,06071,Bahrain,4758235589404464
Jennifer Sosa,cookemaria@example.com,95551 Anderson Parkway,Lambert,Thüringen,18965,Libanon,675971673669
Gregory Bishop,jaimejohnson@example.com,765 Ashley Springs Apt. 251,Barcelona,Sachsen,52175,Polonia,374691538067319
María Belén Galan Pino,gibbsgarry@example.com,"79, chemin Tristan Pichon",Potsdam,Sachsen-Anhalt,B89 3RG,Singapur,344221019283016
Tiburcio Ricardo Pulido Martin,dfliegner@example.com,083 Jennifer Key Apt. 663,Vidal,Sachsen,92760,Barbados,2256195651464997
Lisa Liebelt,patrickallen@example.org,48 Alexander canyon,Couturier,Mississippi,75270,Germany,3597124333109354
Kristina Johnson,ddiego@example.org,Callejón Sosimo Sales 43 Apt. 04 ,North Nathanielberg,Maine,34237,Tanzania,213110785271412
Graeme Berry,heidrichxaver@example.net,Nora-Hörle-Weg 0/1,East Ruthfort,New Jersey,L2D 7EN,Comores,4835151865375739297
Christina Smith,johngolden@example.com,Eileen-Hande-Ring 442,Regen,Rheinland-Pfalz,35820,Suriname,676201545610
Kimberley Simpson,lehmanntilly@example.com,"60, rue de Lenoir",Meganbury,Madrid,S10 6WU,Jordania,213138668565006
Mr Lewis Baker,msedano@example.org,"Studio 96I
Moore lodge",South Jennifer,Berlin,JE0 0QU,Maldives,562259873791
Univ.Prof. Niko Sauer MBA.,uhardy@example.net,"Studio 9
Edwards locks",Hamiltonport,Florida,75750,Tonga,213171983979826
Azahar Villanueva Jaume,encarnacion06@example.net,1554 Alexis Wells,Bergzabern,Oregon,98044,Sierra Leona,676210313232
Franco Zorbach,linda20@example.org,Marica-Schmiedt-Straße 1,Lambert,Nevada,83825,Norwegen,4271251817456298278
Augustin Lopes,katy44@example.net,"10, rue Picard",Soria,Arizona,L8F 1XW,Palestinian Territory,676217491650
Miss Sara Page,reece29@example.net,"Flat 3
Daniel overpass",Kathleenview,Teruel,18877,Brunei Darussalam,180008062434217
Sylvia Edwards,smithjoshua@example.net,Paffrathplatz 1,Lake Johnton,Berlin,49221,Kambodscha,180005435513529
Lorenzo Berger,eroig@example.net,Cañada de Prudencia Cabañas 5,New Beverley,Bayern,77739,Zentralafrikanische Republik,501853607494
Mr Stuart Kemp,elaurent@example.com,3 Leon knoll,Bethton,Hessen,42950,Madagascar,4796187234322456
Odette-Geneviève Étienne,george42@example.org,013 Tracey forge,Hoareau,Rheinland-Pfalz,06478,Indonésie,583060748600
Dr Anna Reeves,zbrown@example.net,"Studio 93
Martin lock",Chauvin-les-Bains,Bremen,S40 0RH,Korea,344082804632738
Dr. Arthur Huhn B.Sc.,dominicpotter@example.net,Pölitzstraße 5,Reutlingen,Arizona,LS3B 7HA,Bermuda,4333663755719
Fidela Rovira Zabaleta,grocher@example.org,"99, boulevard Courtois",Málaga,Bremen,07204,Niederlande,4790888891838705904
Clare Walker,gbolnbach@example.com,094 Monica Station,Port Abigailmouth,Oklahoma,95733,Ukraine,3531581963518817
Semra Holzapfel MBA.,mkerr@example.com,204 Arias Drive Suite 074,North Tammyborough,La Coruña,78917,Eritrea,5572723990879268
Rachel Harding,fsanchez@example.net,Calle de Camila Batalla 4,Pruvostboeuf,Saarland,28703,Niger,6559158274669884
Berto Juan Bautista Escolano Almansa,zvalls@example.net,0 Lesley route,Dupont,Girona,22396,Kuwait,36895562827551
Gabriel Lambert,collinskim@example.com,"81, rue Collin",Dinkelsbühl,Maine,KA52 6NY,Canada,3576890659102042
Shawn Mcbride,geraldine04@example.net,Geißlergasse 2/8,Campbellport,Sachsen,79553,Bolivia,38472256233914
Sieglinde Hesse,john24@example.com,3796 Andrew Mall,West Hannah,Wisconsin,32008,Kap Verde,4989941079004703
Jeffrey White,hartkaren@example.org,885 Andrews inlet,Burgos,Saarland,L35 5NU,Mozambique,2244390793166940
Stephen Blevins,anna-mariadietz@example.com,"Studio 43
Birch mall",Phillipsburgh,Barcelona,07801,Katar,4750719007642316
Suzanne Merle,richardbuckley@example.net,770 Valerie Mountains,East Abbie,New Hampshire,28247,Zambia,36116008422943
Dr Garry Morley,bwood@example.net,"5, chemin Gallet",Port Alexanderville,Bremen,58422,Qatar,4934764845367755899
Chelsea Myers,gerardchristophe@example.com,867 Hall Port Apt. 620,East Jacob,Wisconsin,B54 2XF,Eritrea,2433102104884702
Austin Melendez,charlotte67@example.net,"1, rue Laporte",Lleida,Navarra,54705,Saint Pierre and Miquelon,4366313355723153
Graeme Brennan,leedeborah@example.com,Lübsstraße 974,South Derek,New Hampshire,PO66 9WT,Jordania,580877660473
Paco Pazos Pavón,travis37@example.org,"54, avenue de Valentin",Zamora,Mississippi,N6 6XP,Vanuatu,4728974958045
Grace Williams,tgarzon@example.org,918 Singh mission,Kusel,Massachusetts,G2 9PL,Sierra Leone,5309493570203632
Andrea Hicks,chapmanrobin@example.com,Junckenring 224,Denisborough,Bayern,08840,Neukaledonien,4576463893292
Olivier Léger du Martins,ilonariehl@example.org,92 Jane hill,Bowenshire,New York,64743,French Polynesia,3548416356977489
James Blair,jchretien@example.org,Giovanni-Bohnbach-Allee 1/9,Karlsruhe,Cantabria,71531,Christmas (Île),180013105032523
Clive Collins,laraleonor@example.net,"99, rue de Gilles",Sainte Olivier,Kentucky,HP33 1GB,Fidji (République des),503838271008
Trinidad Olivé Tovar,igill@example.com,Christoph-Stey-Weg 516,Sainte Lucie,Massachusetts,40706,United Kingdom,4970160745742684
Valentine Lacombe,gerdaschleich@example.org,240 Jordan manors,Millerstad,Navarra,22121,Mikronesien,4246465835433963
Emma Holmes,davidguzman@example.net,Hellmut-Faust-Gasse 1/8,West Jackshire,Michigan,WV7N 5XU,Vietnam,3530989463525276
Lynn Brewer,weinholdwillibald@example.com,836 Wilson Union,Miltenberg,Cantabria,S9J 8ZS,Madagascar,3515590204541819
David Brown,elisabeth70@example.net,Dehmelring 3,Lake Paulborough,Montana,41161,Maldives (Îles),30398460624697
Klaus Dieter Birnbaum,lawrencegillian@example.org,524 Victor Square Apt. 109,Lübeck,Indiana,82682,Gabon,4666708227189562398
Ms Julia Gilbert,nachomorata@example.com,7 Clare views,Burgos,Oklahoma,E41 5GP,Mali,38513856367394
Jenny Pedrosa Galvez,harriet57@example.net,Cuesta de Martín Alcaraz 78,New Jessicaton,Bremen,27124,Chine (Rép. pop.),4240771128336052
Dr Marcus Gough,nicole77@example.org,0 Davis villages,East Hector,Jaén,97223,Tonga,213151905966952
Fátima Díaz Alfaro,francescakemp@example.net,"21, chemin David",Port Josephton,Colorado,32436,Palestinian Territory,4433624438508465017
Morgan Shaw,jeannettethanel@example.com,635 Bridget Shoals Apt. 112,Pontevedra,North Dakota,89286,Sri Lanka,6011576449968398
Christopher Henderson,hildburgzimmer@example.net,300 Philip ramp,Fallingbostel,Sevilla,79730,Anguilla,6564546764594443
Dr Rosemary Whitehouse,xstiffel@example.org,"5, rue Margaret Munoz",Hansestadttralsund,Madrid,26038,Svalbard & Jan Mayen Islands,6011263080752080
Dorothy Dale-Price,marta69@example.net,Jüttnerstr. 58,Vizcaya,Valencia,42232,Uruguay,375040875776976
Sylvester Peukert,pfrancis@example.net,Ronda Maxi Barberá 3,Georgiafurt,Thüringen,11924,Hongrie,4569436084506550
Luís Páez-Iñiguez,lucielanglois@example.org,"Flat 44z
Charlie ways",Raynaud-sur-Cohen,Cáceres,L8E 2UA,Uganda,676291102108
Mike Berry,mjunken@example.net,"49, boulevard Anaïs Lévêque",Brittanybury,Guipúzcoa,34931,Guatemala,341103039860259
Kevin Patterson,alan45@example.net,294 Darlene Highway,Sainte Jeanninedan,Tennessee,LS9 8NY,Senegal,180067712797159
Arif Röhricht-Hölzenbecher,thibautfaure@example.com,Zobelstr. 786,New Emma,Nordrhein-Westfalen,91649,Malawi,4147084556424265
Arthur Williams,marcelle64@example.net,Avenida de Celestina Ortuño 54 Apt. 84 ,Lake Thomas,Baden-Württemberg,33960,Antigua und Barbuda,4994944554696483
Swen Losekann B.A.,lyndawilliams@example.com,Harro-Neureuther-Straße 2/2,Lleida,Oklahoma,76311,Perú,6540096477163051
Mrs Clare Williams,mmalone@example.com,Seifertgasse 0/7,Perretnec,Vermont,TW73 8YR,Italy,4622418547758955069
Vanessa Summers,owenspatrick@example.org,"557, chemin de Traore",Josephnec,Cuenca,80341,Guinea,30092033383390
Dale Edwards,hoconnor@example.org,Rambla de Cosme Luján 30,Port Amandamouth,Delaware,78053,Hungría,4221404998277890
Vicente Palomar Mesa,istumpf@example.net,chemin Alex David,Santa Cruz de Tenerife,Zaragoza,51720,Komoren,567355495308
Françoise Laine,qschinke@example.net,Pasadizo Coral Ramírez 1 Puerta 5 ,North Billyfurt,Nordrhein-Westfalen,86409,Kolumbien,630419003367
Cécile-Brigitte Foucher,laura28@example.net,"Flat 62
Jenkins crossroad",South Andrew,Ceuta,17315,Saint Kitts and Nevis,3522247163415128
Prof. Ludmila Gorlitz B.Eng.,cliffordlyons@example.org,"Studio 7
Brandon prairie",Joshuaville,Florida,85869,Austria,4534651114989087
Mohamed Brown,louise86@example.net,Avenida Miriam Carrillo 21 Piso 3 ,Soria,Barcelona,81113,Slovakia (Slovak Republic),213172709910012
Susanne de la Hoarau,duilioberenguer@example.org,Cañada de Iván Redondo 13,Port Sharonmouth,Berlin,40786,Pakistan,6011695449483388
Nicole Dunn-Harris,vscott@example.net,Glorieta Isaura Reig 42,Roseport,Oklahoma,34429,Bulgaria,585178763520
Tommy Lester,hubersharon@example.org,"89, rue Boutin",Breton-la-Forêt,Rheinland-Pfalz,99399,Liechtenstein,3527939645759769
Estefanía Villalobos Gallego,ccousin@example.com,"7, boulevard Théophile Lucas",Humphreyside,Tarragona,10166,Tunesien,4104034428507053
