name,address,zip,timestamp,username,age
Holm Reuter B.Sc.,Ronda Julie Sebastián 86 Piso 7 ,57513,2024-08-24T05:11:48.811294,rjurado,38
Beth Hayes,"Studio 12
Thomas square",73677,2024-11-24T09:42:38.348901,andrewknowles,76
Univ.Prof. Friedrich-Karl Blümel,35 Charles lock,25539,2025-03-09T00:13:57.233380,tschleich,72
Laetitia Joseph,28475 Russell Burgs Apt. 475,70928,2024-11-03T17:43:52.193122,brownnicole,52
Billy Davidson-Clarke,36 Mark freeway,83812,2025-04-30T08:37:13.930815,hillerjuergen,87
Diana Davis,71 Cole mountains,38817,2024-10-26T01:29:15.850995,torrijoscarina,28
Richard Johnson,Vial Héctor Barragán 722 Piso 7 ,50521,2024-08-30T04:54:09.156373,adlerrosemarie,74
Dr Sara Brooks,"406, boulevard Jérôme Martel",47888,2025-03-03T22:03:22.534468,fgolden,46
Lucy Leclerc,Plaza de Encarnación Olmedo 8 Piso 3 ,IP6 9DW,2024-05-27T21:44:03.523936,luce29,43
Sheryl Fox,Glorieta Darío Pino 68 Puerta 5 ,68435,2024-06-29T02:43:26.882603,vicensjafet,74
Samuel Wheeler,8 Sophie stravenue,44405,2024-11-26T05:44:45.529193,gracianablanes,75
Herr Wolf Reinhardt,4735 Grant Springs,84804,2025-01-30T07:33:52.957777,cnash,31
David Lewis,4077 Brittany Mall Apt. 957,M48 9RG,2025-05-02T01:39:35.644083,michaela42,21
Honoré Michel,Gabriella-Mielcarek-Platz 1,22971,2024-10-03T02:08:50.845223,xhoelzenbecher,34
Benoît Diallo,"Studio 83b
Karl brooks",07257,2024-11-15T05:02:35.529089,jeanwhite,69
Anne Jackson,"918, chemin de Hernandez",30181,2024-08-29T06:58:43.550041,alex85,72
Visitación Carrera Estevez,031 Eric Dam,63915,2024-08-21T14:45:15.356296,edoerr,35
Univ.Prof. Raik Hornig,Callejón Samuel Izaguirre 2 Puerta 2 ,28589,2024-05-12T19:54:54.298244,edmundoalba,67
Alexandre Trub-Jessel,avenue Suzanne Perrin,66228,2025-04-18T13:44:50.086654,cole70,83
Véronique Roussel,avenue de Hernandez,13275,2024-09-15T01:25:27.716384,junckensigrid,52
Armida Toro Pardo,910 Smith spring,45793,2024-07-06T07:22:40.194828,raimundomadrid,33
Vincent Guyot-Delmas,"Studio 07k
Mason port",65163,2024-07-18T20:32:44.627543,adele17,72
Martin Michaud Le Boucher,2 Wood junction,19756,2024-10-28T18:34:05.284435,iguillot,74
Eli Carretero,173 Sykes forest,32916,2024-06-20T12:26:51.822920,richardblanchard,44
Michelle Bourdon,"32, chemin Stéphanie Blot",23207,2024-11-15T00:31:34.999932,schulzilona,26
Petrona Dulce Bayona Navarro,"Flat 6
Wayne road",31741,2024-10-28T01:45:18.698559,imbertbernard,24
Lorenzo Lange-Kallert,36041 Carrie Fields,GL90 5RH,2024-10-06T05:45:36.532920,vgoicoechea,59
Daniel Austin,0066 Payne Bypass Apt. 534,80474,2024-09-14T12:50:42.676791,iain48,86
Thomas Green,boulevard Stéphane Bonneau,84552,2025-04-26T08:45:15.655541,louisschmitt,62
Daniel Logan,"Flat 8
Jones station",69751,2024-06-24T04:33:39.291869,zphilippe,56
Lotte Binner-Weitzel,Beckmannweg 0/8,59348,2024-09-20T00:05:54.958136,gerhardt88,56
Brittany Combs,55358 Sharp Island,50780,2025-03-09T01:10:16.186611,lorenzo10,78
Gabriel Miller,"Flat 6
Smith fort",16008,2024-10-02T05:48:18.637162,zward,72
Linda Diaz,Aysel-Reichmann-Allee 1/7,50822,2025-03-30T14:06:02.641451,stewartstewart,66
Madeleine Traore,Striebitzstr. 606,59849,2025-01-03T02:58:22.407112,lebonbrigitte,68
Phillip Cartwright,5908 Foster Hill Suite 948,35413,2024-08-15T12:15:17.341946,dylanmiddleton,65
Ramón Prat Campos,83383 Ramirez Dam Suite 746,59334,2025-02-09T14:26:50.256373,catherine14,42
Jules Descamps de Martins,Glorieta de Lalo Salvador 24 Puerta 6 ,22861,2025-05-04T16:35:02.140119,vincentvirginie,70
Gregory Berry,Camino de Fabricio Benitez 2 Piso 4 ,19968,2024-12-27T03:27:33.760865,ljacobs,84
Xavier Thierry,Glorieta de Dani Clemente 78,12807,2025-05-01T00:46:11.805202,tiffanycarter,77
Che Amor-Garrido,Blümelstr. 93,NG3Y 1RN,2024-11-23T09:19:29.878903,stephen47,62
Alicia Losada Casanova,3 Shah roads,76778,2024-10-01T22:50:33.208046,hughesgail,29
Juliette Baudry,"525, rue Claude Carlier",19403,2025-02-12T23:31:18.331430,florentinovina,61
Jan Trub,Avenida Albano Polo 47 Apt. 48 ,10656,2024-06-16T18:37:33.318888,rebeccasmith,38
Ayten Radisch MBA.,Schachtplatz 2,HP34 9BN,2024-11-06T15:20:47.497389,zfortuny,87
Jennifer Vasquez,Dehmelstraße 87,14743,2024-08-18T06:11:42.044064,xgriffith,24
Célina de la Hubert,"165, avenue de Turpin",08934,2024-05-16T17:01:06.922664,marquezamilcar,63
Concetta Hartung,Hillerplatz 6,03015,2025-02-26T03:26:15.652830,pbiggen,65
Jared Hale,6027 Brian Ways Suite 876,52289,2024-07-25T13:55:21.213949,danielollivier,59
Mariusz Sontag,Via Araceli Román 800 Apt. 38 ,BB97 2HE,2024-11-23T08:39:44.217780,jjarvis,87
Sandra Brewer,"65, rue de Boulanger",AB60 6ZT,2025-02-10T08:20:20.259436,dianeprevost,54
Howard Jones,"Studio 50l
Brian mountain",S4 5EY,2024-12-22T06:40:55.937948,vidal60,76
Joyce Hunt-Howard,580 Lowe squares,13138,2024-12-15T17:39:03.940905,lalves,45
Holly Parker,"Studio 66g
Arnold circle",S1 7GR,2025-05-07T23:30:00.636435,loidaguerrero,56
Jörn Karge,"465, boulevard de Guérin",40675,2024-11-28T09:17:33.397391,joelittle,48
Regina Wood,"Studio 57
McDonald extension",05501,2025-04-09T19:30:27.554251,sallykennedy,45
Trevor Smith,364 Johnathan Forges Apt. 100,50625,2024-09-14T01:02:51.830240,sophie56,31
Sébastien-Gérard Rivière,Nuri-Dobes-Platz 7/7,42430,2025-04-21T11:33:21.563130,sklemm,21
Philippine de Bourgeois,62620 Nguyen Ranch,34870,2024-05-26T14:49:39.730488,rasmussenconnie,34
Heriberto Guadalupe Fabregat Águila,Peukertgasse 82,31423,2025-04-03T20:42:54.969514,jacktaylor,51
Neil Brown,158 David Summit Apt. 624,13025,2024-12-10T03:03:42.008777,vdean,49
Julien Guillot,2514 Thomas Locks Suite 253,64996,2025-01-19T22:30:04.327139,denisebourdon,48
Michael Barton,81 Anne roads,40460,2024-11-11T02:00:46.550344,edgardooliveras,81
Martin Cordier de Guilbert,"697, rue Perrot",26553,2025-03-05T14:48:51.698799,blopez,87
Laurent Pierre-Toussaint,6 Douglas spring,CH2X 5FJ,2025-05-02T02:02:41.444462,bernhardine36,40
Leah Schofield,5940 Shannon Greens,48330,2024-08-04T17:32:10.091400,uraya,18
Hector Wilkinson,743 Turner well,05036,2025-01-04T11:24:29.218763,hogankelly,32
Dr Edward Allen,Evelyne-Kaul-Straße 0/6,FK7R 2EA,2025-01-18T07:28:16.478829,gema65,38
Ligia Edelmira Sanchez Manzanares,06527 Bennett Wall Apt. 229,FY2 0EX,2025-04-26T19:32:41.742397,martiamaya,44
Stewart Hall,Plathstr. 0/7,34620,2024-06-16T08:57:37.377197,nebotmario,33
Noël Perez,"2, avenue de Gonzalez",15964,2024-10-17T21:52:29.799534,gdaniel,57
John Young,125 Jacqueline Ports Apt. 426,36269,2024-09-04T08:44:09.772009,dorothysmith,23
Geneviève Prévost-Rolland,Via de Cristina Pomares 62 Puerta 3 ,S1H 5PW,2024-05-26T03:45:32.577603,paulettemaury,78
Marija Gude,8206 Blair Street Suite 875,01519,2024-10-09T10:21:04.678969,damaya,82
Christopher Hernandez,1339 Aguilar Mission,LU0 3XR,2025-03-06T15:48:40.483975,lucebazin,64
Silvester Förster,Camino Prudencia Ponce 71 Apt. 44 ,97270,2024-11-29T05:09:54.135677,donnaspencer,64
Kerry Norton,C. Amelia Zabaleta 34,E0 4YL,2024-10-14T12:21:42.737835,noelbarbe,33
Alexandria Gaillard,Martingasse 743,02979,2024-10-18T23:00:16.005416,luc52,26
Kyle Brooks,"95, rue Mercier",45893,2024-07-31T06:11:55.093673,yjoseph,71
Amber Diaz,"252, chemin de Vallée",BL0R 3UJ,2025-02-08T20:02:01.867233,aubrynathalie,82
Patrick Étienne,Callejón de Marcos Arévalo 79 Piso 5 ,KY75 1WT,2024-09-21T21:36:42.799860,estebanfolch,53
Shannon Barton,Acceso de Esther Arellano 5 Apt. 96 ,63577,2024-09-23T07:29:10.787358,michelle03,88
Ramazan Fröhlich,Rosalinde-Möchlichen-Gasse 41,89524,2024-05-11T12:35:52.032714,wendelingiess,22
Martin du Fernandes,"Flat 16
Mary ways",22381,2024-09-09T13:46:02.703918,volkmarhornich,28
Jeanne Clerc,Conradiweg 033,18310,2024-08-01T02:01:45.865971,leonardjohnson,30
Michele Thomas,Linkestraße 0/2,11283,2025-02-22T13:58:56.277472,michaullrich,58
Alberto Moles Suárez,"90, rue Chauvet",39983,2025-02-19T17:05:57.586506,natanael17,87
Louise-Nathalie Gonzalez,"91, avenue Josette Poirier",18295,2024-12-24T13:40:14.910824,kristy57,29
Juan Carlos Cabeza Colom,Liebeltgasse 6/2,L1S 3TW,2025-02-12T03:30:13.835186,charlie62,67
Aimé Verdier,Ronda Emigdio Guardia 914,13141,2024-11-02T12:35:47.071013,lukeclark,37
Elizabeth Bates,"Studio 0
Rachael common",46325,2025-03-22T12:45:14.059577,polinaloos,24
Pierre Mallet,57622 Joshua River Suite 095,44116,2024-06-19T12:56:19.990536,stacytaylor,80
Univ.Prof. Gerfried Warmer MBA.,rue Paul Becker,W4 9LE,2025-04-28T22:55:50.358838,theophile38,75
Édith Delaunay,Ronda Álvaro Trujillo 103,34826,2024-08-06T08:20:53.809907,sylvia57,43
William Holland,58949 Smith Tunnel Apt. 090,41347,2024-06-14T17:07:14.706395,rachelstewart,72
Laurence Le Vasseur,"Flat 8
Jodie ways",55695,2025-01-08T11:25:55.969440,pasquiernicole,85
Bethany Gregory,avenue Camille Delannoy,05397,2025-04-06T18:55:30.303595,karl-hermann95,88
Alice Turner-Collier,"1, chemin Chevalier",18164,2025-04-06T20:59:50.408061,melissa74,37
Adrián Lorenzo,avenue Bonnet,93748,2024-12-21T23:08:07.174798,anastasiecollin,86
Miss Lisa Cook,"315, avenue Pelletier",25692,2024-08-17T21:14:47.416501,carlosmarisela,60
